Wildtype,K417N,N440K,L452R,T478K,N501Y,E484A
0.0899,0.0899,0.0899,0.0899,0.08448,0.0899,0.1015
0.1295,0.1295,0.1295,0.1209,0.1295,0.1295,0.1295
0.01126,0.01126,0.00844,0.01986,0.01126,0.01126,0.01126
0.0202,0.0202,0.02302,0.0202,0.0202,0.0202,0.0202
0.0921,0.0921,0.0921,0.0921,0.0921,0.0921,0.0921
0.19724,0.19724,0.19724,0.19724,0.19724,0.19724,0.19724
0.12354,0.12354,0.12354,0.12354,0.12354,0.12354,0.12354
0.10334,0.10334,0.10052,0.10334,0.10334,0.10334,0.10334
0.13476,0.13476,0.13476,0.13476,0.13476,0.13476,0.13476
0.12532,0.12532,0.12532,0.12532,0.12532,0.12532,0.12532
0.07532,0.07532,0.07532,0.08392,0.07532,0.07532,0.07532
0.1674,0.1674,0.1674,0.1674,0.1674,0.1674,0.1674
0.0795,0.0795,0.0795,0.0795,0.0795,0.0795,0.0795
0.02984,0.02984,0.02984,0.02984,0.02984,0.02984,0.02984
0.20482,0.20482,0.20482,0.20482,0.20482,0.20482,0.20482
0.03044,0.03044,0.03044,0.03044,0.03044,0.02062,0.03044
0.05064,0.05064,0.05346,0.05064,0.05064,0.04082,0.05064
0.01922,0.01922,0.01922,0.01922,0.01922,0.0094,0.01922
0.15398,0.15398,0.15398,0.15398,0.15398,0.14416,0.15398
0.05224,0.05224,0.05224,0.05224,0.05224,0.05224,0.05224
0.08252,0.08252,0.08252,0.08252,0.08252,0.08252,0.08252
0.08488,0.08488,0.08488,0.08488,0.08488,0.08488,0.08488
0.00538,0.00538,0.00538,0.00538,0.00538,0.00538,0.00538
0.07146,0.07146,0.07146,0.07146,0.07146,0.06164,0.07146
0.00958,0.00958,0.00958,0.00958,0.00958,0.00958,0.00958
0.06766,0.06766,0.06766,0.06766,0.06766,0.06766,0.06766
0.03622,0.03622,0.03622,0.03622,0.03622,0.03622,0.03622
0.16556,0.16556,0.16556,0.16556,0.16556,0.16556,0.16556
0.15598,0.15598,0.15598,0.15598,0.15598,0.15598,0.15598
0.16018,0.16018,0.16018,0.16018,0.16018,0.16018,0.16018
0.24808,0.24808,0.24808,0.24808,0.24808,0.24808,0.24808
0.05444,0.05444,0.05444,0.05444,0.05444,0.05444,0.05444
0.16378,0.16378,0.16378,0.16378,0.16378,0.16378,0.16378
0.14654,0.14654,0.14654,0.14654,0.14654,0.14654,0.14654
0.01364,0.01364,0.01364,0.01364,0.01364,0.01364,0.01364
0.15014,0.15014,0.15014,0.15014,0.15014,0.15014,0.15014
0.05822,0.05822,0.05822,0.05822,0.05822,0.05822,0.05822
0.00944,0.00944,0.00944,0.00944,0.00944,0.00944,0.00944
0.0456,0.0456,0.0456,0.0456,0.05102,0.0456,0.034
0.00526,0.00526,0.00244,0.00526,0.00526,0.00526,0.00526
0.006,0.006,0.006,0.0146,0.006,0.006,0.006
0.0559,0.0559,0.0559,0.0559,0.0559,0.04608,0.0559
0.1355,0.1355,0.1355,0.1355,0.1355,0.1355,0.1355
0.03668,0.03668,0.03668,0.03668,0.03668,0.03668,0.03668
0.10574,0.10292,0.10574,0.10574,0.10574,0.10574,0.10574
0.15798,0.15516,0.15798,0.15798,0.15798,0.15798,0.15798
0.0142,0.01702,0.0142,0.0142,0.0142,0.0142,0.0142
0.14676,0.14394,0.14676,0.14676,0.14676,0.14676,0.14676
0.19062,0.1878,0.19062,0.19062,0.19062,0.19062,0.19062
0.1153,0.11248,0.1153,0.1067,0.1153,0.1153,0.1153
